package_id,package_title,package_kind,package_folder,relative_path,sheet_or_table,variable_name,variable_label,inferred_type,non_null_sample_count,sample_values,min_value,max_value,source_file_format,confidence,notes
paper-2006-05,Ramp Meters On Trial: Evidence From The Twin Cities Metering Holiday,READY-TO-UPLOAD/PUBLIC,/Users/dlev2617/Documents/Code/Agents/github-packages/READY-TO-UPLOAD/PUBLIC/paper-2006-05-ramp-meters-on-trial-evidence-from-the-twin-cities-metering-holiday,data/analysis_spreadsheets/modernized_xlsx/Ramp Meters_Graph.xlsx,Regression Results,SUMMARY OUTPUT,,text,12,Regression Statistics | Multiple R | R Square | Adjusted R Square | Standard Error,,,xlsx,medium,Some headers were missing; generated column_N names. Sampled first 15 non-empty rows from worksheet.
paper-2006-05,Ramp Meters On Trial: Evidence From The Twin Cities Metering Holiday,READY-TO-UPLOAD/PUBLIC,/Users/dlev2617/Documents/Code/Agents/github-packages/READY-TO-UPLOAD/PUBLIC/paper-2006-05-ramp-meters-on-trial-evidence-from-the-twin-cities-metering-holiday,data/analysis_spreadsheets/modernized_xlsx/Ramp Meters_Graph.xlsx,Regression Results,column_2,,mixed_numeric_text,12,0.95135100537911 | 0.905068735435843 | 0.89776633046937 | 0.626791262498003 | 15,,,xlsx,medium,Some headers were missing; generated column_N names. Sampled first 15 non-empty rows from worksheet.
paper-2006-05,Ramp Meters On Trial: Evidence From The Twin Cities Metering Holiday,READY-TO-UPLOAD/PUBLIC,/Users/dlev2617/Documents/Code/Agents/github-packages/READY-TO-UPLOAD/PUBLIC/paper-2006-05-ramp-meters-on-trial-evidence-from-the-twin-cities-metering-holiday,data/analysis_spreadsheets/modernized_xlsx/Ramp Meters_Graph.xlsx,Regression Results,column_3,,mixed_numeric_text,7,SS | 48.6924376338809 | 5.10727472766993 | 53.7997123615508 | Standard Error,,,xlsx,medium,Some headers were missing; generated column_N names. Sampled first 15 non-empty rows from worksheet.
paper-2006-05,Ramp Meters On Trial: Evidence From The Twin Cities Metering Holiday,READY-TO-UPLOAD/PUBLIC,/Users/dlev2617/Documents/Code/Agents/github-packages/READY-TO-UPLOAD/PUBLIC/paper-2006-05-ramp-meters-on-trial-evidence-from-the-twin-cities-metering-holiday,data/analysis_spreadsheets/modernized_xlsx/Ramp Meters_Graph.xlsx,Regression Results,column_4,,mixed_numeric_text,6,MS | 48.6924376338809 | 0.39286728674384 | t Stat | -11.1653705663173,,,xlsx,medium,Some headers were missing; generated column_N names. Sampled first 15 non-empty rows from worksheet.
paper-2006-05,Ramp Meters On Trial: Evidence From The Twin Cities Metering Holiday,READY-TO-UPLOAD/PUBLIC,/Users/dlev2617/Documents/Code/Agents/github-packages/READY-TO-UPLOAD/PUBLIC/paper-2006-05-ramp-meters-on-trial-evidence-from-the-twin-cities-metering-holiday,data/analysis_spreadsheets/modernized_xlsx/Ramp Meters_Graph.xlsx,Regression Results,column_5,,mixed_numeric_text,5,F | 123.941186443527 | P-value | 4.93693522742966e-08 | 5.11036346245206e-08,,,xlsx,medium,Some headers were missing; generated column_N names. Sampled first 15 non-empty rows from worksheet.
paper-2006-05,Ramp Meters On Trial: Evidence From The Twin Cities Metering Holiday,READY-TO-UPLOAD/PUBLIC,/Users/dlev2617/Documents/Code/Agents/github-packages/READY-TO-UPLOAD/PUBLIC/paper-2006-05-ramp-meters-on-trial-evidence-from-the-twin-cities-metering-holiday,data/analysis_spreadsheets/modernized_xlsx/Ramp Meters_Graph.xlsx,Regression Results,column_6,,mixed_numeric_text,5,Significance F | 5.11036346248804e-08 | Lower 95% | -460.992589486043 | 0.15624346742861,,,xlsx,medium,Some headers were missing; generated column_N names. Sampled first 15 non-empty rows from worksheet.
paper-2006-05,Ramp Meters On Trial: Evidence From The Twin Cities Metering Holiday,READY-TO-UPLOAD/PUBLIC,/Users/dlev2617/Documents/Code/Agents/github-packages/READY-TO-UPLOAD/PUBLIC/paper-2006-05-ramp-meters-on-trial-evidence-from-the-twin-cities-metering-holiday,data/analysis_spreadsheets/modernized_xlsx/Ramp Meters_Graph.xlsx,Regression Results,column_7,,mixed_numeric_text,3,Upper 95% | -311.52038931454 | 0.231482853592207,,,xlsx,medium,Some headers were missing; generated column_N names. Sampled first 15 non-empty rows from worksheet.
paper-2006-05,Ramp Meters On Trial: Evidence From The Twin Cities Metering Holiday,READY-TO-UPLOAD/PUBLIC,/Users/dlev2617/Documents/Code/Agents/github-packages/READY-TO-UPLOAD/PUBLIC/paper-2006-05-ramp-meters-on-trial-evidence-from-the-twin-cities-metering-holiday,data/analysis_spreadsheets/modernized_xlsx/Ramp Meters_Graph.xlsx,Regression Results,column_8,,mixed_numeric_text,3,Lower 95.0% | -460.992589486043 | 0.15624346742861,,,xlsx,medium,Some headers were missing; generated column_N names. Sampled first 15 non-empty rows from worksheet.
paper-2006-05,Ramp Meters On Trial: Evidence From The Twin Cities Metering Holiday,READY-TO-UPLOAD/PUBLIC,/Users/dlev2617/Documents/Code/Agents/github-packages/READY-TO-UPLOAD/PUBLIC/paper-2006-05-ramp-meters-on-trial-evidence-from-the-twin-cities-metering-holiday,data/analysis_spreadsheets/modernized_xlsx/Ramp Meters_Graph.xlsx,Regression Results,column_9,,mixed_numeric_text,3,Upper 95.0% | -311.52038931454 | 0.231482853592207,,,xlsx,medium,Some headers were missing; generated column_N names. Sampled first 15 non-empty rows from worksheet.
paper-2006-05,Ramp Meters On Trial: Evidence From The Twin Cities Metering Holiday,READY-TO-UPLOAD/PUBLIC,/Users/dlev2617/Documents/Code/Agents/github-packages/READY-TO-UPLOAD/PUBLIC/paper-2006-05-ramp-meters-on-trial-evidence-from-the-twin-cities-metering-holiday,data/analysis_spreadsheets/modernized_xlsx/Ramp Meters_Graph.xlsx,Data,Ramp Metering in Minnesota,,mixed_numeric_text,55,Year | 1970 | 1971 | 1973 | 1979,,,xlsx,medium,Some headers were missing; generated column_N names. Sampled first 58 non-empty rows from worksheet.
paper-2006-05,Ramp Meters On Trial: Evidence From The Twin Cities Metering Holiday,READY-TO-UPLOAD/PUBLIC,/Users/dlev2617/Documents/Code/Agents/github-packages/READY-TO-UPLOAD/PUBLIC/paper-2006-05-ramp-meters-on-trial-evidence-from-the-twin-cities-metering-holiday,data/analysis_spreadsheets/modernized_xlsx/Ramp Meters_Graph.xlsx,Data,column_2,,mixed_numeric_text,35,Ramp meters | installed (Nos.) | 4 | 8 | 47,,,xlsx,medium,Some headers were missing; generated column_N names. Sampled first 58 non-empty rows from worksheet.
paper-2006-05,Ramp Meters On Trial: Evidence From The Twin Cities Metering Holiday,READY-TO-UPLOAD/PUBLIC,/Users/dlev2617/Documents/Code/Agents/github-packages/READY-TO-UPLOAD/PUBLIC/paper-2006-05-ramp-meters-on-trial-evidence-from-the-twin-cities-metering-holiday,data/analysis_spreadsheets/modernized_xlsx/Ramp Meters_Graph.xlsx,Data,column_3,,mixed_numeric_text,51,Ramp meters | predicted (Nos.) | 6.51714828898586 | 7.89234567034793 | 11.5554289724528,,,xlsx,medium,Some headers were missing; generated column_N names. Sampled first 58 non-empty rows from worksheet.
paper-2006-05,Ramp Meters On Trial: Evidence From The Twin Cities Metering Holiday,READY-TO-UPLOAD/PUBLIC,/Users/dlev2617/Documents/Code/Agents/github-packages/READY-TO-UPLOAD/PUBLIC/paper-2006-05-ramp-meters-on-trial-evidence-from-the-twin-cities-metering-holiday,data/analysis_spreadsheets/modernized_xlsx/Ramp Meters_Graph.xlsx,Data,column_4,,empty,0,,,,xlsx,medium,Some headers were missing; generated column_N names. Sampled first 58 non-empty rows from worksheet.
paper-2006-05,Ramp Meters On Trial: Evidence From The Twin Cities Metering Holiday,READY-TO-UPLOAD/PUBLIC,/Users/dlev2617/Documents/Code/Agents/github-packages/READY-TO-UPLOAD/PUBLIC/paper-2006-05-ramp-meters-on-trial-evidence-from-the-twin-cities-metering-holiday,data/analysis_spreadsheets/modernized_xlsx/Ramp Meters_Graph.xlsx,Data,column_5,,mixed_numeric_text,17,510 | -4.84024230816758 | -4.13915857801189 | -2.28757945237618 | -2.01490302054226,,,xlsx,medium,Some headers were missing; generated column_N names. Sampled first 58 non-empty rows from worksheet.
paper-2006-05,Ramp Meters On Trial: Evidence From The Twin Cities Metering Holiday,READY-TO-UPLOAD/PUBLIC,/Users/dlev2617/Documents/Code/Agents/github-packages/READY-TO-UPLOAD/PUBLIC/paper-2006-05-ramp-meters-on-trial-evidence-from-the-twin-cities-metering-holiday,data/analysis_spreadsheets/modernized_xlsx/Ramp Meters_Graph.xlsx,Data,column_6,,mixed_numeric_text,17,y at k= | 520 | -4.85981240436167 | -4.15888308335967 | -2.30894778678187,,,xlsx,medium,Some headers were missing; generated column_N names. Sampled first 58 non-empty rows from worksheet.
paper-2006-05,Ramp Meters On Trial: Evidence From The Twin Cities Metering Holiday,READY-TO-UPLOAD/PUBLIC,/Users/dlev2617/Documents/Code/Agents/github-packages/READY-TO-UPLOAD/PUBLIC/paper-2006-05-ramp-meters-on-trial-evidence-from-the-twin-cities-metering-holiday,data/analysis_spreadsheets/modernized_xlsx/Ramp Meters_Graph.xlsx,Data,column_7,,numeric,16,530 | -4.87900685161782 | -4.1782260462028 | -2.32986905194251 | -2.058388132482,-4.87900685162,530,xlsx,medium,Some headers were missing; generated column_N names. Sampled first 58 non-empty rows from worksheet.
paper-2006-05,Ramp Meters On Trial: Evidence From The Twin Cities Metering Holiday,READY-TO-UPLOAD/PUBLIC,/Users/dlev2617/Documents/Code/Agents/github-packages/READY-TO-UPLOAD/PUBLIC/paper-2006-05-ramp-meters-on-trial-evidence-from-the-twin-cities-metering-holiday,data/analysis_spreadsheets/modernized_xlsx/Ramp Meters_Graph.xlsx,Data,column_8,,numeric,16,540 | -4.89783979995091 | -4.19720194766181 | -2.35036157233263 | -2.07944154167984,-4.89783979995,540,xlsx,medium,Some headers were missing; generated column_N names. Sampled first 58 non-empty rows from worksheet.
paper-2006-05,Ramp Meters On Trial: Evidence From The Twin Cities Metering Holiday,READY-TO-UPLOAD/PUBLIC,/Users/dlev2617/Documents/Code/Agents/github-packages/READY-TO-UPLOAD/PUBLIC/paper-2006-05-ramp-meters-on-trial-evidence-from-the-twin-cities-metering-holiday,data/analysis_spreadsheets/modernized_xlsx/Ramp Meters_Graph.xlsx,Data,column_9,,mixed_numeric_text,17,K= | 550 | -4.91632461462501 | -4.21582445975981 | -2.37044256838968,,,xlsx,medium,Some headers were missing; generated column_N names. Sampled first 58 non-empty rows from worksheet.
paper-2006-05,Ramp Meters On Trial: Evidence From The Twin Cities Metering Holiday,READY-TO-UPLOAD/PUBLIC,/Users/dlev2617/Documents/Code/Agents/github-packages/READY-TO-UPLOAD/PUBLIC/paper-2006-05-ramp-meters-on-trial-evidence-from-the-twin-cities-metering-holiday,data/analysis_spreadsheets/modernized_xlsx/Ramp Meters_Graph.xlsx,Data,column_10,,numeric,16,560 | -4.93447393313069 | -4.23410650459726 | -2.39012824346071 | -2.12026353620009,-4.93447393313,560,xlsx,medium,Some headers were missing; generated column_N names. Sampled first 58 non-empty rows from worksheet.
paper-2006-05,Ramp Meters On Trial: Evidence From The Twin Cities Metering Holiday,READY-TO-UPLOAD/PUBLIC,/Users/dlev2617/Documents/Code/Agents/github-packages/READY-TO-UPLOAD/PUBLIC/paper-2006-05-ramp-meters-on-trial-evidence-from-the-twin-cities-metering-holiday,data/analysis_spreadsheets/modernized_xlsx/Ramp Meters_Graph.xlsx,Data,column_11,,numeric,16,570 | -4.95229971708329 | -4.25206030821386 | -2.40943386235486 | -2.14006616349627,-4.95229971708,570,xlsx,medium,Some headers were missing; generated column_N names. Sampled first 58 non-empty rows from worksheet.
paper-2006-05,Ramp Meters On Trial: Evidence From The Twin Cities Metering Holiday,READY-TO-UPLOAD/PUBLIC,/Users/dlev2617/Documents/Code/Agents/github-packages/READY-TO-UPLOAD/PUBLIC/paper-2006-05-ramp-meters-on-trial-evidence-from-the-twin-cities-metering-holiday,data/analysis_spreadsheets/modernized_xlsx/Ramp Meters_Graph.xlsx,Data,column_12,,numeric,16,580 | -4.969813299576 | -4.26969744969996 | -2.42837382245579 | -2.15948424935337,-4.96981329958,580,xlsx,medium,Some headers were missing; generated column_N names. Sampled first 58 non-empty rows from worksheet.
paper-2006-05,Ramp Meters On Trial: Evidence From The Twin Cities Metering Holiday,READY-TO-UPLOAD/PUBLIC,/Users/dlev2617/Documents/Code/Agents/github-packages/READY-TO-UPLOAD/PUBLIC/paper-2006-05-ramp-meters-on-trial-evidence-from-the-twin-cities-metering-holiday,data/analysis_spreadsheets/modernized_xlsx/Ramp Meters_Graph.xlsx,Data,column_13,,numeric,16,590 | -4.98702542845712 | -4.2870289060516 | -2.44696171822388 | -2.17853244432407,-4.98702542846,590,xlsx,medium,Some headers were missing; generated column_N names. Sampled first 58 non-empty rows from worksheet.
paper-2006-05,Ramp Meters On Trial: Evidence From The Twin Cities Metering Holiday,READY-TO-UPLOAD/PUBLIC,/Users/dlev2617/Documents/Code/Agents/github-packages/READY-TO-UPLOAD/PUBLIC/paper-2006-05-ramp-meters-on-trial-evidence-from-the-twin-cities-metering-holiday,data/analysis_spreadsheets/modernized_xlsx/Ramp Meters_Graph.xlsx,Data,column_14,,numeric,16,600 | -5.00394630594546 | -4.30406509320417 | -2.46521039981228 | -2.19722457733622,-5.00394630595,600,xlsx,medium,Some headers were missing; generated column_N names. Sampled first 58 non-empty rows from worksheet.
paper-2006-05,Ramp Meters On Trial: Evidence From The Twin Cities Metering Holiday,READY-TO-UPLOAD/PUBLIC,/Users/dlev2617/Documents/Code/Agents/github-packages/READY-TO-UPLOAD/PUBLIC/paper-2006-05-ramp-meters-on-trial-evidence-from-the-twin-cities-metering-holiday,data/analysis_spreadsheets/modernized_xlsx/Ramp Meters_Graph.xlsx,Data,column_15,,numeric,16,610 | -5.02058562494942 | -4.32081590362899 | -2.48313202642963 | -2.21557371600442,-5.02058562495,610,xlsx,medium,Some headers were missing; generated column_N names. Sampled first 58 non-empty rows from worksheet.
paper-2006-05,Ramp Meters On Trial: Evidence From The Twin Cities Metering Holiday,READY-TO-UPLOAD/PUBLIC,/Users/dlev2617/Documents/Code/Agents/github-packages/READY-TO-UPLOAD/PUBLIC/paper-2006-05-ramp-meters-on-trial-evidence-from-the-twin-cities-metering-holiday,data/analysis_spreadsheets/modernized_xlsx/Ramp Meters_Graph.xlsx,Data,column_16,,numeric,16,620 | -5.03695260241363 | -4.33729074083249 | -2.50073811500468 | -2.23359222150709,-5.03695260241,620,xlsx,medium,Some headers were missing; generated column_N names. Sampled first 58 non-empty rows from worksheet.
paper-2006-05,Ramp Meters On Trial: Evidence From The Twin Cities Metering Holiday,READY-TO-UPLOAD/PUBLIC,/Users/dlev2617/Documents/Code/Agents/github-packages/READY-TO-UPLOAD/PUBLIC/paper-2006-05-ramp-meters-on-trial-evidence-from-the-twin-cities-metering-holiday,data/analysis_spreadsheets/modernized_xlsx/TH169_accessibility.xlsx,TH169_accessibility,ACCESSIBILITY RESULTS: DAILY AND OVERALL,,mixed_numeric_text,37,"Units: units for accessibility depend on the travel time decay function. | The reader can identify the accessibility units for each decay function accordingly. | In fact, these units are almost meaningless in comparison studies. | Daily Results | days",,,xlsx,medium,Some headers were missing; generated column_N names. Sampled first 40 non-empty rows from worksheet.
paper-2006-05,Ramp Meters On Trial: Evidence From The Twin Cities Metering Holiday,READY-TO-UPLOAD/PUBLIC,/Users/dlev2617/Documents/Code/Agents/github-packages/READY-TO-UPLOAD/PUBLIC/paper-2006-05-ramp-meters-on-trial-evidence-from-the-twin-cities-metering-holiday,data/analysis_spreadsheets/modernized_xlsx/TH169_accessibility.xlsx,TH169_accessibility,column_2,,mixed_numeric_text,33,We select three differenct decay functions | access1-on | 2688.64437429 | 2357.36113801 | 2335.27583028,,,xlsx,medium,Some headers were missing; generated column_N names. Sampled first 40 non-empty rows from worksheet.
paper-2006-05,Ramp Meters On Trial: Evidence From The Twin Cities Metering Holiday,READY-TO-UPLOAD/PUBLIC,/Users/dlev2617/Documents/Code/Agents/github-packages/READY-TO-UPLOAD/PUBLIC/paper-2006-05-ramp-meters-on-trial-evidence-from-the-twin-cities-metering-holiday,data/analysis_spreadsheets/modernized_xlsx/TH169_accessibility.xlsx,TH169_accessibility,column_3,,mixed_numeric_text,32,access1-off | 1412.03355811 | 1141.00758262 | 1112.1099151 | 943.924628351,,,xlsx,medium,Some headers were missing; generated column_N names. Sampled first 40 non-empty rows from worksheet.
paper-2006-05,Ramp Meters On Trial: Evidence From The Twin Cities Metering Holiday,READY-TO-UPLOAD/PUBLIC,/Users/dlev2617/Documents/Code/Agents/github-packages/READY-TO-UPLOAD/PUBLIC/paper-2006-05-ramp-meters-on-trial-evidence-from-the-twin-cities-metering-holiday,data/analysis_spreadsheets/modernized_xlsx/TH169_accessibility.xlsx,TH169_accessibility,column_4,,mixed_numeric_text,33,function1: f(1/tt^2)); function2: f(exp(-0.00189*tt)); function3: f(exp(-0.08*tt) | access2-on | 49712.3641219 | 50415.252631 | 50831.5332586,,,xlsx,medium,Some headers were missing; generated column_N names. Sampled first 40 non-empty rows from worksheet.
paper-2006-05,Ramp Meters On Trial: Evidence From The Twin Cities Metering Holiday,READY-TO-UPLOAD/PUBLIC,/Users/dlev2617/Documents/Code/Agents/github-packages/READY-TO-UPLOAD/PUBLIC/paper-2006-05-ramp-meters-on-trial-evidence-from-the-twin-cities-metering-holiday,data/analysis_spreadsheets/modernized_xlsx/TH169_accessibility.xlsx,TH169_accessibility,column_5,,mixed_numeric_text,32,access2-off | 50794.5455589 | 49461.7925963 | 50185.065963 | 50882.0626104,,,xlsx,medium,Some headers were missing; generated column_N names. Sampled first 40 non-empty rows from worksheet.
paper-2006-05,Ramp Meters On Trial: Evidence From The Twin Cities Metering Holiday,READY-TO-UPLOAD/PUBLIC,/Users/dlev2617/Documents/Code/Agents/github-packages/READY-TO-UPLOAD/PUBLIC/paper-2006-05-ramp-meters-on-trial-evidence-from-the-twin-cities-metering-holiday,data/analysis_spreadsheets/modernized_xlsx/TH169_accessibility.xlsx,TH169_accessibility,column_6,,mixed_numeric_text,32,access3-on | 31074.9872991 | 30086.6892327 | 30578.5389737 | 24496.5439317,,,xlsx,medium,Some headers were missing; generated column_N names. Sampled first 40 non-empty rows from worksheet.
paper-2006-05,Ramp Meters On Trial: Evidence From The Twin Cities Metering Holiday,READY-TO-UPLOAD/PUBLIC,/Users/dlev2617/Documents/Code/Agents/github-packages/READY-TO-UPLOAD/PUBLIC/paper-2006-05-ramp-meters-on-trial-evidence-from-the-twin-cities-metering-holiday,data/analysis_spreadsheets/modernized_xlsx/TH169_accessibility.xlsx,TH169_accessibility,column_7,,mixed_numeric_text,30,access3-off | 26196.1735648 | 23021.8347551 | 22409.045534 | 21697.2447193,,,xlsx,medium,Some headers were missing; generated column_N names. Sampled first 40 non-empty rows from worksheet.
paper-2006-05,Ramp Meters On Trial: Evidence From The Twin Cities Metering Holiday,READY-TO-UPLOAD/PUBLIC,/Users/dlev2617/Documents/Code/Agents/github-packages/READY-TO-UPLOAD/PUBLIC/paper-2006-05-ramp-meters-on-trial-evidence-from-the-twin-cities-metering-holiday,data/analysis_spreadsheets/modernized_xlsx/TH169_consumer_surplus.xlsx,TH169_consumer_surplus,CONSUMER SURPLUS RESULTS: DAILY AND OVERALL,,mixed_numeric_text,34,Units Changes in CS: veh*hours | Daily Results | days | day1 | day2,,,xlsx,medium,Some headers were missing; generated column_N names. Sampled first 35 non-empty rows from worksheet.
paper-2006-05,Ramp Meters On Trial: Evidence From The Twin Cities Metering Holiday,READY-TO-UPLOAD/PUBLIC,/Users/dlev2617/Documents/Code/Agents/github-packages/READY-TO-UPLOAD/PUBLIC/paper-2006-05-ramp-meters-on-trial-evidence-from-the-twin-cities-metering-holiday,data/analysis_spreadsheets/modernized_xlsx/TH169_consumer_surplus.xlsx,TH169_consumer_surplus,column_2,,mixed_numeric_text,30,ramp | -195.049602672 | -266.135257603 | -226.082119841 | -249.501708198,,,xlsx,medium,Some headers were missing; generated column_N names. Sampled first 35 non-empty rows from worksheet.
paper-2006-05,Ramp Meters On Trial: Evidence From The Twin Cities Metering Holiday,READY-TO-UPLOAD/PUBLIC,/Users/dlev2617/Documents/Code/Agents/github-packages/READY-TO-UPLOAD/PUBLIC/paper-2006-05-ramp-meters-on-trial-evidence-from-the-twin-cities-metering-holiday,data/analysis_spreadsheets/modernized_xlsx/TH169_consumer_surplus.xlsx,TH169_consumer_surplus,column_3,,mixed_numeric_text,30,freeway | 1592.2274877 | 2421.44072877 | 2807.46531828 | 1515.16763934,,,xlsx,medium,Some headers were missing; generated column_N names. Sampled first 35 non-empty rows from worksheet.
paper-2006-05,Ramp Meters On Trial: Evidence From The Twin Cities Metering Holiday,READY-TO-UPLOAD/PUBLIC,/Users/dlev2617/Documents/Code/Agents/github-packages/READY-TO-UPLOAD/PUBLIC/paper-2006-05-ramp-meters-on-trial-evidence-from-the-twin-cities-metering-holiday,data/analysis_spreadsheets/modernized_xlsx/TH169_consumer_surplus.xlsx,TH169_consumer_surplus,column_4,,mixed_numeric_text,30,system | 1397.17788503 | 2155.30547116 | 2581.38319844 | 1265.66593114,,,xlsx,medium,Some headers were missing; generated column_N names. Sampled first 35 non-empty rows from worksheet.
paper-2006-05,Ramp Meters On Trial: Evidence From The Twin Cities Metering Holiday,READY-TO-UPLOAD/PUBLIC,/Users/dlev2617/Documents/Code/Agents/github-packages/READY-TO-UPLOAD/PUBLIC/paper-2006-05-ramp-meters-on-trial-evidence-from-the-twin-cities-metering-holiday,data/analysis_spreadsheets/modernized_xlsx/TH169_mobility_equity.xlsx,TH169_mobility_equity,"MOBILITY & EQUITY RESULTS: SPATIAL, TEMPORAL AND SPATRIAL_TEMPORAL",,mixed_numeric_text,102,Units travel time per km: sec/km | delay per km: sec/km | speed: km/hour | OD distance: km | Spatial Results,,,xlsx,medium,Some headers were missing; generated column_N names. Sampled first 105 non-empty rows from worksheet.
paper-2006-05,Ramp Meters On Trial: Evidence From The Twin Cities Metering Holiday,READY-TO-UPLOAD/PUBLIC,/Users/dlev2617/Documents/Code/Agents/github-packages/READY-TO-UPLOAD/PUBLIC/paper-2006-05-ramp-meters-on-trial-evidence-from-the-twin-cities-metering-holiday,data/analysis_spreadsheets/modernized_xlsx/TH169_mobility_equity.xlsx,TH169_mobility_equity,column_2,,mixed_numeric_text,97,tt_on | 41.1120385181 | 42.9687132289 | 43.3194275409 | 43.9647747576,,,xlsx,medium,Some headers were missing; generated column_N names. Sampled first 105 non-empty rows from worksheet.
paper-2006-05,Ramp Meters On Trial: Evidence From The Twin Cities Metering Holiday,READY-TO-UPLOAD/PUBLIC,/Users/dlev2617/Documents/Code/Agents/github-packages/READY-TO-UPLOAD/PUBLIC/paper-2006-05-ramp-meters-on-trial-evidence-from-the-twin-cities-metering-holiday,data/analysis_spreadsheets/modernized_xlsx/TH169_mobility_equity.xlsx,TH169_mobility_equity,column_3,,mixed_numeric_text,97,tt_off | 48.7459048933 | 49.7972840009 | 50.4704388933 | 51.0757693829,,,xlsx,medium,Some headers were missing; generated column_N names. Sampled first 105 non-empty rows from worksheet.
paper-2006-05,Ramp Meters On Trial: Evidence From The Twin Cities Metering Holiday,READY-TO-UPLOAD/PUBLIC,/Users/dlev2617/Documents/Code/Agents/github-packages/READY-TO-UPLOAD/PUBLIC/paper-2006-05-ramp-meters-on-trial-evidence-from-the-twin-cities-metering-holiday,data/analysis_spreadsheets/modernized_xlsx/TH169_mobility_equity.xlsx,TH169_mobility_equity,column_4,,mixed_numeric_text,97,tt_gini_on | 0.0390436982875 | 0.0598554358099 | 0.0715194870679 | 0.0799832382224,,,xlsx,medium,Some headers were missing; generated column_N names. Sampled first 105 non-empty rows from worksheet.
paper-2006-05,Ramp Meters On Trial: Evidence From The Twin Cities Metering Holiday,READY-TO-UPLOAD/PUBLIC,/Users/dlev2617/Documents/Code/Agents/github-packages/READY-TO-UPLOAD/PUBLIC/paper-2006-05-ramp-meters-on-trial-evidence-from-the-twin-cities-metering-holiday,data/analysis_spreadsheets/modernized_xlsx/TH169_mobility_equity.xlsx,TH169_mobility_equity,column_5,,mixed_numeric_text,97,tt_gini_off | 0.0709744468805 | 0.076676796736 | 0.0794151665215 | 0.0822878471538,,,xlsx,medium,Some headers were missing; generated column_N names. Sampled first 105 non-empty rows from worksheet.
paper-2006-05,Ramp Meters On Trial: Evidence From The Twin Cities Metering Holiday,READY-TO-UPLOAD/PUBLIC,/Users/dlev2617/Documents/Code/Agents/github-packages/READY-TO-UPLOAD/PUBLIC/paper-2006-05-ramp-meters-on-trial-evidence-from-the-twin-cities-metering-holiday,data/analysis_spreadsheets/modernized_xlsx/TH169_mobility_equity.xlsx,TH169_mobility_equity,column_6,,mixed_numeric_text,97,delay_on | 3.85625649211 | 5.64114634493 | 6.00871477996 | 6.67845728848,,,xlsx,medium,Some headers were missing; generated column_N names. Sampled first 105 non-empty rows from worksheet.
paper-2006-05,Ramp Meters On Trial: Evidence From The Twin Cities Metering Holiday,READY-TO-UPLOAD/PUBLIC,/Users/dlev2617/Documents/Code/Agents/github-packages/READY-TO-UPLOAD/PUBLIC/paper-2006-05-ramp-meters-on-trial-evidence-from-the-twin-cities-metering-holiday,data/analysis_spreadsheets/modernized_xlsx/TH169_mobility_equity.xlsx,TH169_mobility_equity,column_7,,mixed_numeric_text,97,delay_off | 11.2460497158 | 12.297696849 | 12.9707135099 | 13.5757693829,,,xlsx,medium,Some headers were missing; generated column_N names. Sampled first 105 non-empty rows from worksheet.
paper-2006-05,Ramp Meters On Trial: Evidence From The Twin Cities Metering Holiday,READY-TO-UPLOAD/PUBLIC,/Users/dlev2617/Documents/Code/Agents/github-packages/READY-TO-UPLOAD/PUBLIC/paper-2006-05-ramp-meters-on-trial-evidence-from-the-twin-cities-metering-holiday,data/analysis_spreadsheets/modernized_xlsx/TH169_mobility_equity.xlsx,TH169_mobility_equity,column_8,,mixed_numeric_text,97,delay_gini_on | 0.379309746826 | 0.428884990568 | 0.489300288182 | 0.497554069374,,,xlsx,medium,Some headers were missing; generated column_N names. Sampled first 105 non-empty rows from worksheet.
paper-2006-05,Ramp Meters On Trial: Evidence From The Twin Cities Metering Holiday,READY-TO-UPLOAD/PUBLIC,/Users/dlev2617/Documents/Code/Agents/github-packages/READY-TO-UPLOAD/PUBLIC/paper-2006-05-ramp-meters-on-trial-evidence-from-the-twin-cities-metering-holiday,data/analysis_spreadsheets/modernized_xlsx/TH169_mobility_equity.xlsx,TH169_mobility_equity,column_9,,mixed_numeric_text,97,delay_gini_off | 0.318911609835 | 0.31844899488 | 0.317284293403 | 0.322065530547,,,xlsx,medium,Some headers were missing; generated column_N names. Sampled first 105 non-empty rows from worksheet.
paper-2006-05,Ramp Meters On Trial: Evidence From The Twin Cities Metering Holiday,READY-TO-UPLOAD/PUBLIC,/Users/dlev2617/Documents/Code/Agents/github-packages/READY-TO-UPLOAD/PUBLIC/paper-2006-05-ramp-meters-on-trial-evidence-from-the-twin-cities-metering-holiday,data/analysis_spreadsheets/modernized_xlsx/TH169_mobility_equity.xlsx,TH169_mobility_equity,column_10,,mixed_numeric_text,97,speed_on | 88.3412301192 | 85.3460127327 | 85.3743148822 | 84.8423074989,,,xlsx,medium,Some headers were missing; generated column_N names. Sampled first 105 non-empty rows from worksheet.
paper-2006-05,Ramp Meters On Trial: Evidence From The Twin Cities Metering Holiday,READY-TO-UPLOAD/PUBLIC,/Users/dlev2617/Documents/Code/Agents/github-packages/READY-TO-UPLOAD/PUBLIC/paper-2006-05-ramp-meters-on-trial-evidence-from-the-twin-cities-metering-holiday,data/analysis_spreadsheets/modernized_xlsx/TH169_mobility_equity.xlsx,TH169_mobility_equity,column_11,,mixed_numeric_text,97,speed_off | 75.4380305598 | 74.4269996045 | 73.8160626933 | 73.2500371434,,,xlsx,medium,Some headers were missing; generated column_N names. Sampled first 105 non-empty rows from worksheet.
paper-2006-05,Ramp Meters On Trial: Evidence From The Twin Cities Metering Holiday,READY-TO-UPLOAD/PUBLIC,/Users/dlev2617/Documents/Code/Agents/github-packages/READY-TO-UPLOAD/PUBLIC/paper-2006-05-ramp-meters-on-trial-evidence-from-the-twin-cities-metering-holiday,data/analysis_spreadsheets/modernized_xlsx/TH169_mobility_equity.xlsx,TH169_mobility_equity,column_12,,mixed_numeric_text,97,speed_gini_on | 0.0376053865923 | 0.0534153864246 | 0.0588511696032 | 0.064190345269,,,xlsx,medium,Some headers were missing; generated column_N names. Sampled first 105 non-empty rows from worksheet.
paper-2006-05,Ramp Meters On Trial: Evidence From The Twin Cities Metering Holiday,READY-TO-UPLOAD/PUBLIC,/Users/dlev2617/Documents/Code/Agents/github-packages/READY-TO-UPLOAD/PUBLIC/paper-2006-05-ramp-meters-on-trial-evidence-from-the-twin-cities-metering-holiday,data/analysis_spreadsheets/modernized_xlsx/TH169_mobility_equity.xlsx,TH169_mobility_equity,column_13,,mixed_numeric_text,97,speed_gini_off | 0.0614851574585 | 0.0647652361765 | 0.0663997146366 | 0.0693263374005,,,xlsx,medium,Some headers were missing; generated column_N names. Sampled first 105 non-empty rows from worksheet.
paper-2006-05,Ramp Meters On Trial: Evidence From The Twin Cities Metering Holiday,READY-TO-UPLOAD/PUBLIC,/Users/dlev2617/Documents/Code/Agents/github-packages/READY-TO-UPLOAD/PUBLIC/paper-2006-05-ramp-meters-on-trial-evidence-from-the-twin-cities-metering-holiday,data/analysis_spreadsheets/modernized_xlsx/TH169_productivity.xlsx,TH169_productivity,PRODUCTIVITY RESULTS: DAILY AND OVERALL,,mixed_numeric_text,35,Units: Productivity: km/hour | Daily Results | days | day1 | day2,,,xlsx,medium,Some headers were missing; generated column_N names. Sampled first 36 non-empty rows from worksheet.
paper-2006-05,Ramp Meters On Trial: Evidence From The Twin Cities Metering Holiday,READY-TO-UPLOAD/PUBLIC,/Users/dlev2617/Documents/Code/Agents/github-packages/READY-TO-UPLOAD/PUBLIC/paper-2006-05-ramp-meters-on-trial-evidence-from-the-twin-cities-metering-holiday,data/analysis_spreadsheets/modernized_xlsx/TH169_productivity.xlsx,TH169_productivity,column_2,,mixed_numeric_text,32,metering-on | 79.713610713 | 74.5968381298 | 77.8444182358 | 59.3774289621,,,xlsx,medium,Some headers were missing; generated column_N names. Sampled first 36 non-empty rows from worksheet.
paper-2006-05,Ramp Meters On Trial: Evidence From The Twin Cities Metering Holiday,READY-TO-UPLOAD/PUBLIC,/Users/dlev2617/Documents/Code/Agents/github-packages/READY-TO-UPLOAD/PUBLIC/paper-2006-05-ramp-meters-on-trial-evidence-from-the-twin-cities-metering-holiday,data/analysis_spreadsheets/modernized_xlsx/TH169_productivity.xlsx,TH169_productivity,column_3,,mixed_numeric_text,30,metering-off | 56.515884767 | 46.9914690221 | 45.0818440444 | 44.2446872884,,,xlsx,medium,Some headers were missing; generated column_N names. Sampled first 36 non-empty rows from worksheet.
paper-2006-05,Ramp Meters On Trial: Evidence From The Twin Cities Metering Holiday,READY-TO-UPLOAD/PUBLIC,/Users/dlev2617/Documents/Code/Agents/github-packages/READY-TO-UPLOAD/PUBLIC/paper-2006-05-ramp-meters-on-trial-evidence-from-the-twin-cities-metering-holiday,data/analysis_spreadsheets/original_xls/Ramp Meters_Graph.xls,Regression Results,SUMMARY OUTPUT,,text,12,Regression Statistics | Multiple R | R Square | Adjusted R Square | Standard Error,,,xls,medium,Some headers were missing; generated column_N names. Sampled first 15 non-empty rows from worksheet.
paper-2006-05,Ramp Meters On Trial: Evidence From The Twin Cities Metering Holiday,READY-TO-UPLOAD/PUBLIC,/Users/dlev2617/Documents/Code/Agents/github-packages/READY-TO-UPLOAD/PUBLIC/paper-2006-05-ramp-meters-on-trial-evidence-from-the-twin-cities-metering-holiday,data/analysis_spreadsheets/original_xls/Ramp Meters_Graph.xls,Regression Results,column_2,,mixed_numeric_text,12,0.9513510053791099 | 0.9050687354358431 | 0.8977663304693695 | 0.626791262498003 | 15.0,,,xls,medium,Some headers were missing; generated column_N names. Sampled first 15 non-empty rows from worksheet.
paper-2006-05,Ramp Meters On Trial: Evidence From The Twin Cities Metering Holiday,READY-TO-UPLOAD/PUBLIC,/Users/dlev2617/Documents/Code/Agents/github-packages/READY-TO-UPLOAD/PUBLIC/paper-2006-05-ramp-meters-on-trial-evidence-from-the-twin-cities-metering-holiday,data/analysis_spreadsheets/original_xls/Ramp Meters_Graph.xls,Regression Results,column_3,,mixed_numeric_text,7,SS | 48.69243763388088 | 5.107274727669926 | 53.7997123615508 | Standard Error,,,xls,medium,Some headers were missing; generated column_N names. Sampled first 15 non-empty rows from worksheet.
paper-2006-05,Ramp Meters On Trial: Evidence From The Twin Cities Metering Holiday,READY-TO-UPLOAD/PUBLIC,/Users/dlev2617/Documents/Code/Agents/github-packages/READY-TO-UPLOAD/PUBLIC/paper-2006-05-ramp-meters-on-trial-evidence-from-the-twin-cities-metering-holiday,data/analysis_spreadsheets/original_xls/Ramp Meters_Graph.xls,Regression Results,column_4,,mixed_numeric_text,6,MS | 48.69243763388088 | 0.39286728674384047 | t Stat | -11.16537056631726,,,xls,medium,Some headers were missing; generated column_N names. Sampled first 15 non-empty rows from worksheet.
paper-2006-05,Ramp Meters On Trial: Evidence From The Twin Cities Metering Holiday,READY-TO-UPLOAD/PUBLIC,/Users/dlev2617/Documents/Code/Agents/github-packages/READY-TO-UPLOAD/PUBLIC/paper-2006-05-ramp-meters-on-trial-evidence-from-the-twin-cities-metering-holiday,data/analysis_spreadsheets/original_xls/Ramp Meters_Graph.xls,Regression Results,column_5,,mixed_numeric_text,5,F | 123.9411864435269 | P-value | 4.9369352274296595e-08 | 5.1103634624520636e-08,,,xls,medium,Some headers were missing; generated column_N names. Sampled first 15 non-empty rows from worksheet.
paper-2006-05,Ramp Meters On Trial: Evidence From The Twin Cities Metering Holiday,READY-TO-UPLOAD/PUBLIC,/Users/dlev2617/Documents/Code/Agents/github-packages/READY-TO-UPLOAD/PUBLIC/paper-2006-05-ramp-meters-on-trial-evidence-from-the-twin-cities-metering-holiday,data/analysis_spreadsheets/original_xls/Ramp Meters_Graph.xls,Regression Results,column_6,,mixed_numeric_text,5,Significance F | 5.1103634624880426e-08 | Lower 95% | -460.99258948604285 | 0.15624346742861037,,,xls,medium,Some headers were missing; generated column_N names. Sampled first 15 non-empty rows from worksheet.
paper-2006-05,Ramp Meters On Trial: Evidence From The Twin Cities Metering Holiday,READY-TO-UPLOAD/PUBLIC,/Users/dlev2617/Documents/Code/Agents/github-packages/READY-TO-UPLOAD/PUBLIC/paper-2006-05-ramp-meters-on-trial-evidence-from-the-twin-cities-metering-holiday,data/analysis_spreadsheets/original_xls/Ramp Meters_Graph.xls,Regression Results,column_7,,mixed_numeric_text,3,Upper 95% | -311.52038931453984 | 0.23148285359220658,,,xls,medium,Some headers were missing; generated column_N names. Sampled first 15 non-empty rows from worksheet.
paper-2006-05,Ramp Meters On Trial: Evidence From The Twin Cities Metering Holiday,READY-TO-UPLOAD/PUBLIC,/Users/dlev2617/Documents/Code/Agents/github-packages/READY-TO-UPLOAD/PUBLIC/paper-2006-05-ramp-meters-on-trial-evidence-from-the-twin-cities-metering-holiday,data/analysis_spreadsheets/original_xls/Ramp Meters_Graph.xls,Regression Results,column_8,,mixed_numeric_text,3,Lower 95.0% | -460.99258948604285 | 0.15624346742861037,,,xls,medium,Some headers were missing; generated column_N names. Sampled first 15 non-empty rows from worksheet.
paper-2006-05,Ramp Meters On Trial: Evidence From The Twin Cities Metering Holiday,READY-TO-UPLOAD/PUBLIC,/Users/dlev2617/Documents/Code/Agents/github-packages/READY-TO-UPLOAD/PUBLIC/paper-2006-05-ramp-meters-on-trial-evidence-from-the-twin-cities-metering-holiday,data/analysis_spreadsheets/original_xls/Ramp Meters_Graph.xls,Regression Results,column_9,,mixed_numeric_text,3,Upper 95.0% | -311.52038931453984 | 0.23148285359220658,,,xls,medium,Some headers were missing; generated column_N names. Sampled first 15 non-empty rows from worksheet.
paper-2006-05,Ramp Meters On Trial: Evidence From The Twin Cities Metering Holiday,READY-TO-UPLOAD/PUBLIC,/Users/dlev2617/Documents/Code/Agents/github-packages/READY-TO-UPLOAD/PUBLIC/paper-2006-05-ramp-meters-on-trial-evidence-from-the-twin-cities-metering-holiday,data/analysis_spreadsheets/original_xls/Ramp Meters_Graph.xls,Data,Ramp Metering in Minnesota,,mixed_numeric_text,55,Year | 1970.0 | 1971.0 | 1973.0 | 1979.0,,,xls,medium,Some headers were missing; generated column_N names. Sampled first 58 non-empty rows from worksheet.
paper-2006-05,Ramp Meters On Trial: Evidence From The Twin Cities Metering Holiday,READY-TO-UPLOAD/PUBLIC,/Users/dlev2617/Documents/Code/Agents/github-packages/READY-TO-UPLOAD/PUBLIC/paper-2006-05-ramp-meters-on-trial-evidence-from-the-twin-cities-metering-holiday,data/analysis_spreadsheets/original_xls/Ramp Meters_Graph.xls,Data,column_2,,mixed_numeric_text,35,Ramp meters | installed (Nos.) | 4.0 | 8.0 | 47.0,,,xls,medium,Some headers were missing; generated column_N names. Sampled first 58 non-empty rows from worksheet.
paper-2006-05,Ramp Meters On Trial: Evidence From The Twin Cities Metering Holiday,READY-TO-UPLOAD/PUBLIC,/Users/dlev2617/Documents/Code/Agents/github-packages/READY-TO-UPLOAD/PUBLIC/paper-2006-05-ramp-meters-on-trial-evidence-from-the-twin-cities-metering-holiday,data/analysis_spreadsheets/original_xls/Ramp Meters_Graph.xls,Data,column_3,,mixed_numeric_text,51,Ramp meters | predicted (Nos.) | 6.517148288985856 | 7.892345670347934 | 11.555428972452845,,,xls,medium,Some headers were missing; generated column_N names. Sampled first 58 non-empty rows from worksheet.
paper-2006-05,Ramp Meters On Trial: Evidence From The Twin Cities Metering Holiday,READY-TO-UPLOAD/PUBLIC,/Users/dlev2617/Documents/Code/Agents/github-packages/READY-TO-UPLOAD/PUBLIC/paper-2006-05-ramp-meters-on-trial-evidence-from-the-twin-cities-metering-holiday,data/analysis_spreadsheets/original_xls/Ramp Meters_Graph.xls,Data,column_4,,empty,0,,,,xls,medium,Some headers were missing; generated column_N names. Sampled first 58 non-empty rows from worksheet.
paper-2006-05,Ramp Meters On Trial: Evidence From The Twin Cities Metering Holiday,READY-TO-UPLOAD/PUBLIC,/Users/dlev2617/Documents/Code/Agents/github-packages/READY-TO-UPLOAD/PUBLIC/paper-2006-05-ramp-meters-on-trial-evidence-from-the-twin-cities-metering-holiday,data/analysis_spreadsheets/original_xls/Ramp Meters_Graph.xls,Data,column_5,,mixed_numeric_text,17,510.0 | -4.840242308167575 | -4.139158578011894 | -2.2875794523761757 | -2.0149030205422647,,,xls,medium,Some headers were missing; generated column_N names. Sampled first 58 non-empty rows from worksheet.
paper-2006-05,Ramp Meters On Trial: Evidence From The Twin Cities Metering Holiday,READY-TO-UPLOAD/PUBLIC,/Users/dlev2617/Documents/Code/Agents/github-packages/READY-TO-UPLOAD/PUBLIC/paper-2006-05-ramp-meters-on-trial-evidence-from-the-twin-cities-metering-holiday,data/analysis_spreadsheets/original_xls/Ramp Meters_Graph.xls,Data,column_6,,mixed_numeric_text,17,y at k= | 520.0 | -4.859812404361672 | -4.1588830833596715 | -2.308947786781874,,,xls,medium,Some headers were missing; generated column_N names. Sampled first 58 non-empty rows from worksheet.
paper-2006-05,Ramp Meters On Trial: Evidence From The Twin Cities Metering Holiday,READY-TO-UPLOAD/PUBLIC,/Users/dlev2617/Documents/Code/Agents/github-packages/READY-TO-UPLOAD/PUBLIC/paper-2006-05-ramp-meters-on-trial-evidence-from-the-twin-cities-metering-holiday,data/analysis_spreadsheets/original_xls/Ramp Meters_Graph.xls,Data,column_7,,numeric,16,530.0 | -4.879006851617819 | -4.178226046202803 | -2.3298690519425143 | -2.0583881324820035,-4.87900685162,530,xls,medium,Some headers were missing; generated column_N names. Sampled first 58 non-empty rows from worksheet.
paper-2006-05,Ramp Meters On Trial: Evidence From The Twin Cities Metering Holiday,READY-TO-UPLOAD/PUBLIC,/Users/dlev2617/Documents/Code/Agents/github-packages/READY-TO-UPLOAD/PUBLIC/paper-2006-05-ramp-meters-on-trial-evidence-from-the-twin-cities-metering-holiday,data/analysis_spreadsheets/original_xls/Ramp Meters_Graph.xls,Data,column_8,,numeric,16,540.0 | -4.897839799950911 | -4.197201947661808 | -2.3503615723326314 | -2.0794415416798357,-4.89783979995,540,xls,medium,Some headers were missing; generated column_N names. Sampled first 58 non-empty rows from worksheet.
paper-2006-05,Ramp Meters On Trial: Evidence From The Twin Cities Metering Holiday,READY-TO-UPLOAD/PUBLIC,/Users/dlev2617/Documents/Code/Agents/github-packages/READY-TO-UPLOAD/PUBLIC/paper-2006-05-ramp-meters-on-trial-evidence-from-the-twin-cities-metering-holiday,data/analysis_spreadsheets/original_xls/Ramp Meters_Graph.xls,Data,column_9,,mixed_numeric_text,17,K= | 550.0 | -4.916324614625014 | -4.21582445975981 | -2.370442568389681,,,xls,medium,Some headers were missing; generated column_N names. Sampled first 58 non-empty rows from worksheet.
paper-2006-05,Ramp Meters On Trial: Evidence From The Twin Cities Metering Holiday,READY-TO-UPLOAD/PUBLIC,/Users/dlev2617/Documents/Code/Agents/github-packages/READY-TO-UPLOAD/PUBLIC/paper-2006-05-ramp-meters-on-trial-evidence-from-the-twin-cities-metering-holiday,data/analysis_spreadsheets/original_xls/Ramp Meters_Graph.xls,Data,column_10,,numeric,16,560.0 | -4.9344739331306915 | -4.23410650459726 | -2.390128243460711 | -2.120263536200091,-4.93447393313,560,xls,medium,Some headers were missing; generated column_N names. Sampled first 58 non-empty rows from worksheet.
paper-2006-05,Ramp Meters On Trial: Evidence From The Twin Cities Metering Holiday,READY-TO-UPLOAD/PUBLIC,/Users/dlev2617/Documents/Code/Agents/github-packages/READY-TO-UPLOAD/PUBLIC/paper-2006-05-ramp-meters-on-trial-evidence-from-the-twin-cities-metering-holiday,data/analysis_spreadsheets/original_xls/Ramp Meters_Graph.xls,Data,column_11,,numeric,16,570.0 | -4.952299717083292 | -4.2520603082138555 | -2.4094338623548643 | -2.1400661634962708,-4.95229971708,570,xls,medium,Some headers were missing; generated column_N names. Sampled first 58 non-empty rows from worksheet.
paper-2006-05,Ramp Meters On Trial: Evidence From The Twin Cities Metering Holiday,READY-TO-UPLOAD/PUBLIC,/Users/dlev2617/Documents/Code/Agents/github-packages/READY-TO-UPLOAD/PUBLIC/paper-2006-05-ramp-meters-on-trial-evidence-from-the-twin-cities-metering-holiday,data/analysis_spreadsheets/original_xls/Ramp Meters_Graph.xls,Data,column_12,,numeric,16,580.0 | -4.969813299576001 | -4.269697449699962 | -2.428373822455786 | -2.159484249353372,-4.96981329958,580,xls,medium,Some headers were missing; generated column_N names. Sampled first 58 non-empty rows from worksheet.
paper-2006-05,Ramp Meters On Trial: Evidence From The Twin Cities Metering Holiday,READY-TO-UPLOAD/PUBLIC,/Users/dlev2617/Documents/Code/Agents/github-packages/READY-TO-UPLOAD/PUBLIC/paper-2006-05-ramp-meters-on-trial-evidence-from-the-twin-cities-metering-holiday,data/analysis_spreadsheets/original_xls/Ramp Meters_Graph.xls,Data,column_13,,numeric,16,590.0 | -4.987025428457122 | -4.287028906051602 | -2.4469617182238768 | -2.178532444324067,-4.98702542846,590,xls,medium,Some headers were missing; generated column_N names. Sampled first 58 non-empty rows from worksheet.
paper-2006-05,Ramp Meters On Trial: Evidence From The Twin Cities Metering Holiday,READY-TO-UPLOAD/PUBLIC,/Users/dlev2617/Documents/Code/Agents/github-packages/READY-TO-UPLOAD/PUBLIC/paper-2006-05-ramp-meters-on-trial-evidence-from-the-twin-cities-metering-holiday,data/analysis_spreadsheets/original_xls/Ramp Meters_Graph.xls,Data,column_14,,numeric,16,600.0 | -5.003946305945459 | -4.304065093204169 | -2.465210399812276 | -2.1972245773362196,-5.00394630595,600,xls,medium,Some headers were missing; generated column_N names. Sampled first 58 non-empty rows from worksheet.
paper-2006-05,Ramp Meters On Trial: Evidence From The Twin Cities Metering Holiday,READY-TO-UPLOAD/PUBLIC,/Users/dlev2617/Documents/Code/Agents/github-packages/READY-TO-UPLOAD/PUBLIC/paper-2006-05-ramp-meters-on-trial-evidence-from-the-twin-cities-metering-holiday,data/analysis_spreadsheets/original_xls/Ramp Meters_Graph.xls,Data,column_15,,numeric,16,610.0 | -5.020585624949423 | -4.3208159036289855 | -2.4831320264296317 | -2.2155737160044158,-5.02058562495,610,xls,medium,Some headers were missing; generated column_N names. Sampled first 58 non-empty rows from worksheet.
paper-2006-05,Ramp Meters On Trial: Evidence From The Twin Cities Metering Holiday,READY-TO-UPLOAD/PUBLIC,/Users/dlev2617/Documents/Code/Agents/github-packages/READY-TO-UPLOAD/PUBLIC/paper-2006-05-ramp-meters-on-trial-evidence-from-the-twin-cities-metering-holiday,data/analysis_spreadsheets/original_xls/Ramp Meters_Graph.xls,Data,column_16,,numeric,16,620.0 | -5.0369526024136295 | -4.33729074083249 | -2.500738115004681 | -2.2335922215070942,-5.03695260241,620,xls,medium,Some headers were missing; generated column_N names. Sampled first 58 non-empty rows from worksheet.
paper-2006-05,Ramp Meters On Trial: Evidence From The Twin Cities Metering Holiday,READY-TO-UPLOAD/PUBLIC,/Users/dlev2617/Documents/Code/Agents/github-packages/READY-TO-UPLOAD/PUBLIC/paper-2006-05-ramp-meters-on-trial-evidence-from-the-twin-cities-metering-holiday,data/analysis_spreadsheets/original_xls/TH169_accessibility.xls,TH169_accessibility,ACCESSIBILITY RESULTS: DAILY AND OVERALL,,mixed_numeric_text,37,"Units: units for accessibility depend on the travel time decay function. | The reader can identify the accessibility units for each decay function accordingly. | In fact, these units are almost meaningless in comparison studies. | Daily Results | days",,,xls,medium,Some headers were missing; generated column_N names. Sampled first 40 non-empty rows from worksheet.
paper-2006-05,Ramp Meters On Trial: Evidence From The Twin Cities Metering Holiday,READY-TO-UPLOAD/PUBLIC,/Users/dlev2617/Documents/Code/Agents/github-packages/READY-TO-UPLOAD/PUBLIC/paper-2006-05-ramp-meters-on-trial-evidence-from-the-twin-cities-metering-holiday,data/analysis_spreadsheets/original_xls/TH169_accessibility.xls,TH169_accessibility,column_2,,mixed_numeric_text,33,We select three differenct decay functions | access1-on | 2688.64437429 | 2357.36113801 | 2335.27583028,,,xls,medium,Some headers were missing; generated column_N names. Sampled first 40 non-empty rows from worksheet.
paper-2006-05,Ramp Meters On Trial: Evidence From The Twin Cities Metering Holiday,READY-TO-UPLOAD/PUBLIC,/Users/dlev2617/Documents/Code/Agents/github-packages/READY-TO-UPLOAD/PUBLIC/paper-2006-05-ramp-meters-on-trial-evidence-from-the-twin-cities-metering-holiday,data/analysis_spreadsheets/original_xls/TH169_accessibility.xls,TH169_accessibility,column_3,,mixed_numeric_text,32,access1-off | 1412.03355811 | 1141.00758262 | 1112.1099151 | 943.924628351,,,xls,medium,Some headers were missing; generated column_N names. Sampled first 40 non-empty rows from worksheet.
paper-2006-05,Ramp Meters On Trial: Evidence From The Twin Cities Metering Holiday,READY-TO-UPLOAD/PUBLIC,/Users/dlev2617/Documents/Code/Agents/github-packages/READY-TO-UPLOAD/PUBLIC/paper-2006-05-ramp-meters-on-trial-evidence-from-the-twin-cities-metering-holiday,data/analysis_spreadsheets/original_xls/TH169_accessibility.xls,TH169_accessibility,column_4,,mixed_numeric_text,33,function1: f(1/tt^2)); function2: f(exp(-0.00189*tt)); function3: f(exp(-0.08*tt) | access2-on | 49712.3641219 | 50415.252631 | 50831.5332586,,,xls,medium,Some headers were missing; generated column_N names. Sampled first 40 non-empty rows from worksheet.
paper-2006-05,Ramp Meters On Trial: Evidence From The Twin Cities Metering Holiday,READY-TO-UPLOAD/PUBLIC,/Users/dlev2617/Documents/Code/Agents/github-packages/READY-TO-UPLOAD/PUBLIC/paper-2006-05-ramp-meters-on-trial-evidence-from-the-twin-cities-metering-holiday,data/analysis_spreadsheets/original_xls/TH169_accessibility.xls,TH169_accessibility,column_5,,mixed_numeric_text,32,access2-off | 50794.5455589 | 49461.7925963 | 50185.065963 | 50882.0626104,,,xls,medium,Some headers were missing; generated column_N names. Sampled first 40 non-empty rows from worksheet.
paper-2006-05,Ramp Meters On Trial: Evidence From The Twin Cities Metering Holiday,READY-TO-UPLOAD/PUBLIC,/Users/dlev2617/Documents/Code/Agents/github-packages/READY-TO-UPLOAD/PUBLIC/paper-2006-05-ramp-meters-on-trial-evidence-from-the-twin-cities-metering-holiday,data/analysis_spreadsheets/original_xls/TH169_accessibility.xls,TH169_accessibility,column_6,,mixed_numeric_text,32,access3-on | 31074.9872991 | 30086.6892327 | 30578.5389737 | 24496.5439317,,,xls,medium,Some headers were missing; generated column_N names. Sampled first 40 non-empty rows from worksheet.
paper-2006-05,Ramp Meters On Trial: Evidence From The Twin Cities Metering Holiday,READY-TO-UPLOAD/PUBLIC,/Users/dlev2617/Documents/Code/Agents/github-packages/READY-TO-UPLOAD/PUBLIC/paper-2006-05-ramp-meters-on-trial-evidence-from-the-twin-cities-metering-holiday,data/analysis_spreadsheets/original_xls/TH169_accessibility.xls,TH169_accessibility,column_7,,mixed_numeric_text,30,access3-off | 26196.1735648 | 23021.8347551 | 22409.045534 | 21697.2447193,,,xls,medium,Some headers were missing; generated column_N names. Sampled first 40 non-empty rows from worksheet.
paper-2006-05,Ramp Meters On Trial: Evidence From The Twin Cities Metering Holiday,READY-TO-UPLOAD/PUBLIC,/Users/dlev2617/Documents/Code/Agents/github-packages/READY-TO-UPLOAD/PUBLIC/paper-2006-05-ramp-meters-on-trial-evidence-from-the-twin-cities-metering-holiday,data/analysis_spreadsheets/original_xls/TH169_consumer_surplus.xls,TH169_consumer_surplus,CONSUMER SURPLUS RESULTS: DAILY AND OVERALL,,mixed_numeric_text,34,Units Changes in CS: veh*hours | Daily Results | days | day1 | day2,,,xls,medium,Some headers were missing; generated column_N names. Sampled first 35 non-empty rows from worksheet.
paper-2006-05,Ramp Meters On Trial: Evidence From The Twin Cities Metering Holiday,READY-TO-UPLOAD/PUBLIC,/Users/dlev2617/Documents/Code/Agents/github-packages/READY-TO-UPLOAD/PUBLIC/paper-2006-05-ramp-meters-on-trial-evidence-from-the-twin-cities-metering-holiday,data/analysis_spreadsheets/original_xls/TH169_consumer_surplus.xls,TH169_consumer_surplus,column_2,,mixed_numeric_text,30,ramp | -195.049602672 | -266.135257603 | -226.082119841 | -249.501708198,,,xls,medium,Some headers were missing; generated column_N names. Sampled first 35 non-empty rows from worksheet.
paper-2006-05,Ramp Meters On Trial: Evidence From The Twin Cities Metering Holiday,READY-TO-UPLOAD/PUBLIC,/Users/dlev2617/Documents/Code/Agents/github-packages/READY-TO-UPLOAD/PUBLIC/paper-2006-05-ramp-meters-on-trial-evidence-from-the-twin-cities-metering-holiday,data/analysis_spreadsheets/original_xls/TH169_consumer_surplus.xls,TH169_consumer_surplus,column_3,,mixed_numeric_text,30,freeway | 1592.2274877 | 2421.44072877 | 2807.46531828 | 1515.16763934,,,xls,medium,Some headers were missing; generated column_N names. Sampled first 35 non-empty rows from worksheet.
paper-2006-05,Ramp Meters On Trial: Evidence From The Twin Cities Metering Holiday,READY-TO-UPLOAD/PUBLIC,/Users/dlev2617/Documents/Code/Agents/github-packages/READY-TO-UPLOAD/PUBLIC/paper-2006-05-ramp-meters-on-trial-evidence-from-the-twin-cities-metering-holiday,data/analysis_spreadsheets/original_xls/TH169_consumer_surplus.xls,TH169_consumer_surplus,column_4,,mixed_numeric_text,30,system | 1397.17788503 | 2155.30547116 | 2581.38319844 | 1265.66593114,,,xls,medium,Some headers were missing; generated column_N names. Sampled first 35 non-empty rows from worksheet.
paper-2006-05,Ramp Meters On Trial: Evidence From The Twin Cities Metering Holiday,READY-TO-UPLOAD/PUBLIC,/Users/dlev2617/Documents/Code/Agents/github-packages/READY-TO-UPLOAD/PUBLIC/paper-2006-05-ramp-meters-on-trial-evidence-from-the-twin-cities-metering-holiday,data/analysis_spreadsheets/original_xls/TH169_mobility_equity.xls,TH169_mobility_equity,"MOBILITY & EQUITY RESULTS: SPATIAL, TEMPORAL AND SPATRIAL_TEMPORAL",,mixed_numeric_text,102,Units travel time per km: sec/km | delay per km: sec/km | speed: km/hour | OD distance: km | Spatial Results,,,xls,medium,Some headers were missing; generated column_N names. Sampled first 105 non-empty rows from worksheet.
paper-2006-05,Ramp Meters On Trial: Evidence From The Twin Cities Metering Holiday,READY-TO-UPLOAD/PUBLIC,/Users/dlev2617/Documents/Code/Agents/github-packages/READY-TO-UPLOAD/PUBLIC/paper-2006-05-ramp-meters-on-trial-evidence-from-the-twin-cities-metering-holiday,data/analysis_spreadsheets/original_xls/TH169_mobility_equity.xls,TH169_mobility_equity,column_2,,mixed_numeric_text,97,tt_on | 41.1120385181 | 42.9687132289 | 43.3194275409 | 43.9647747576,,,xls,medium,Some headers were missing; generated column_N names. Sampled first 105 non-empty rows from worksheet.
paper-2006-05,Ramp Meters On Trial: Evidence From The Twin Cities Metering Holiday,READY-TO-UPLOAD/PUBLIC,/Users/dlev2617/Documents/Code/Agents/github-packages/READY-TO-UPLOAD/PUBLIC/paper-2006-05-ramp-meters-on-trial-evidence-from-the-twin-cities-metering-holiday,data/analysis_spreadsheets/original_xls/TH169_mobility_equity.xls,TH169_mobility_equity,column_3,,mixed_numeric_text,97,tt_off | 48.7459048933 | 49.7972840009 | 50.4704388933 | 51.0757693829,,,xls,medium,Some headers were missing; generated column_N names. Sampled first 105 non-empty rows from worksheet.
paper-2006-05,Ramp Meters On Trial: Evidence From The Twin Cities Metering Holiday,READY-TO-UPLOAD/PUBLIC,/Users/dlev2617/Documents/Code/Agents/github-packages/READY-TO-UPLOAD/PUBLIC/paper-2006-05-ramp-meters-on-trial-evidence-from-the-twin-cities-metering-holiday,data/analysis_spreadsheets/original_xls/TH169_mobility_equity.xls,TH169_mobility_equity,column_4,,mixed_numeric_text,97,tt_gini_on | 0.0390436982875 | 0.0598554358099 | 0.0715194870679 | 0.0799832382224,,,xls,medium,Some headers were missing; generated column_N names. Sampled first 105 non-empty rows from worksheet.
paper-2006-05,Ramp Meters On Trial: Evidence From The Twin Cities Metering Holiday,READY-TO-UPLOAD/PUBLIC,/Users/dlev2617/Documents/Code/Agents/github-packages/READY-TO-UPLOAD/PUBLIC/paper-2006-05-ramp-meters-on-trial-evidence-from-the-twin-cities-metering-holiday,data/analysis_spreadsheets/original_xls/TH169_mobility_equity.xls,TH169_mobility_equity,column_5,,mixed_numeric_text,97,tt_gini_off | 0.0709744468805 | 0.076676796736 | 0.0794151665215 | 0.0822878471538,,,xls,medium,Some headers were missing; generated column_N names. Sampled first 105 non-empty rows from worksheet.
paper-2006-05,Ramp Meters On Trial: Evidence From The Twin Cities Metering Holiday,READY-TO-UPLOAD/PUBLIC,/Users/dlev2617/Documents/Code/Agents/github-packages/READY-TO-UPLOAD/PUBLIC/paper-2006-05-ramp-meters-on-trial-evidence-from-the-twin-cities-metering-holiday,data/analysis_spreadsheets/original_xls/TH169_mobility_equity.xls,TH169_mobility_equity,column_6,,mixed_numeric_text,97,delay_on | 3.85625649211 | 5.64114634493 | 6.00871477996 | 6.67845728848,,,xls,medium,Some headers were missing; generated column_N names. Sampled first 105 non-empty rows from worksheet.
paper-2006-05,Ramp Meters On Trial: Evidence From The Twin Cities Metering Holiday,READY-TO-UPLOAD/PUBLIC,/Users/dlev2617/Documents/Code/Agents/github-packages/READY-TO-UPLOAD/PUBLIC/paper-2006-05-ramp-meters-on-trial-evidence-from-the-twin-cities-metering-holiday,data/analysis_spreadsheets/original_xls/TH169_mobility_equity.xls,TH169_mobility_equity,column_7,,mixed_numeric_text,97,delay_off | 11.2460497158 | 12.297696849 | 12.9707135099 | 13.5757693829,,,xls,medium,Some headers were missing; generated column_N names. Sampled first 105 non-empty rows from worksheet.
paper-2006-05,Ramp Meters On Trial: Evidence From The Twin Cities Metering Holiday,READY-TO-UPLOAD/PUBLIC,/Users/dlev2617/Documents/Code/Agents/github-packages/READY-TO-UPLOAD/PUBLIC/paper-2006-05-ramp-meters-on-trial-evidence-from-the-twin-cities-metering-holiday,data/analysis_spreadsheets/original_xls/TH169_mobility_equity.xls,TH169_mobility_equity,column_8,,mixed_numeric_text,97,delay_gini_on | 0.379309746826 | 0.428884990568 | 0.489300288182 | 0.497554069374,,,xls,medium,Some headers were missing; generated column_N names. Sampled first 105 non-empty rows from worksheet.
paper-2006-05,Ramp Meters On Trial: Evidence From The Twin Cities Metering Holiday,READY-TO-UPLOAD/PUBLIC,/Users/dlev2617/Documents/Code/Agents/github-packages/READY-TO-UPLOAD/PUBLIC/paper-2006-05-ramp-meters-on-trial-evidence-from-the-twin-cities-metering-holiday,data/analysis_spreadsheets/original_xls/TH169_mobility_equity.xls,TH169_mobility_equity,column_9,,mixed_numeric_text,97,delay_gini_off | 0.318911609835 | 0.31844899488 | 0.317284293403 | 0.322065530547,,,xls,medium,Some headers were missing; generated column_N names. Sampled first 105 non-empty rows from worksheet.
paper-2006-05,Ramp Meters On Trial: Evidence From The Twin Cities Metering Holiday,READY-TO-UPLOAD/PUBLIC,/Users/dlev2617/Documents/Code/Agents/github-packages/READY-TO-UPLOAD/PUBLIC/paper-2006-05-ramp-meters-on-trial-evidence-from-the-twin-cities-metering-holiday,data/analysis_spreadsheets/original_xls/TH169_mobility_equity.xls,TH169_mobility_equity,column_10,,mixed_numeric_text,97,speed_on | 88.3412301192 | 85.3460127327 | 85.3743148822 | 84.8423074989,,,xls,medium,Some headers were missing; generated column_N names. Sampled first 105 non-empty rows from worksheet.
paper-2006-05,Ramp Meters On Trial: Evidence From The Twin Cities Metering Holiday,READY-TO-UPLOAD/PUBLIC,/Users/dlev2617/Documents/Code/Agents/github-packages/READY-TO-UPLOAD/PUBLIC/paper-2006-05-ramp-meters-on-trial-evidence-from-the-twin-cities-metering-holiday,data/analysis_spreadsheets/original_xls/TH169_mobility_equity.xls,TH169_mobility_equity,column_11,,mixed_numeric_text,97,speed_off | 75.4380305598 | 74.4269996045 | 73.8160626933 | 73.2500371434,,,xls,medium,Some headers were missing; generated column_N names. Sampled first 105 non-empty rows from worksheet.
paper-2006-05,Ramp Meters On Trial: Evidence From The Twin Cities Metering Holiday,READY-TO-UPLOAD/PUBLIC,/Users/dlev2617/Documents/Code/Agents/github-packages/READY-TO-UPLOAD/PUBLIC/paper-2006-05-ramp-meters-on-trial-evidence-from-the-twin-cities-metering-holiday,data/analysis_spreadsheets/original_xls/TH169_mobility_equity.xls,TH169_mobility_equity,column_12,,mixed_numeric_text,97,speed_gini_on | 0.0376053865923 | 0.0534153864246 | 0.0588511696032 | 0.064190345269,,,xls,medium,Some headers were missing; generated column_N names. Sampled first 105 non-empty rows from worksheet.
paper-2006-05,Ramp Meters On Trial: Evidence From The Twin Cities Metering Holiday,READY-TO-UPLOAD/PUBLIC,/Users/dlev2617/Documents/Code/Agents/github-packages/READY-TO-UPLOAD/PUBLIC/paper-2006-05-ramp-meters-on-trial-evidence-from-the-twin-cities-metering-holiday,data/analysis_spreadsheets/original_xls/TH169_mobility_equity.xls,TH169_mobility_equity,column_13,,mixed_numeric_text,97,speed_gini_off | 0.0614851574585 | 0.0647652361765 | 0.0663997146366 | 0.0693263374005,,,xls,medium,Some headers were missing; generated column_N names. Sampled first 105 non-empty rows from worksheet.
paper-2006-05,Ramp Meters On Trial: Evidence From The Twin Cities Metering Holiday,READY-TO-UPLOAD/PUBLIC,/Users/dlev2617/Documents/Code/Agents/github-packages/READY-TO-UPLOAD/PUBLIC/paper-2006-05-ramp-meters-on-trial-evidence-from-the-twin-cities-metering-holiday,data/analysis_spreadsheets/original_xls/TH169_productivity.xls,TH169_productivity,PRODUCTIVITY RESULTS: DAILY AND OVERALL,,mixed_numeric_text,35,Units: Productivity: km/hour | Daily Results | days | day1 | day2,,,xls,medium,Some headers were missing; generated column_N names. Sampled first 36 non-empty rows from worksheet.
paper-2006-05,Ramp Meters On Trial: Evidence From The Twin Cities Metering Holiday,READY-TO-UPLOAD/PUBLIC,/Users/dlev2617/Documents/Code/Agents/github-packages/READY-TO-UPLOAD/PUBLIC/paper-2006-05-ramp-meters-on-trial-evidence-from-the-twin-cities-metering-holiday,data/analysis_spreadsheets/original_xls/TH169_productivity.xls,TH169_productivity,column_2,,mixed_numeric_text,32,metering-on | 79.713610713 | 74.5968381298 | 77.8444182358 | 59.3774289621,,,xls,medium,Some headers were missing; generated column_N names. Sampled first 36 non-empty rows from worksheet.
paper-2006-05,Ramp Meters On Trial: Evidence From The Twin Cities Metering Holiday,READY-TO-UPLOAD/PUBLIC,/Users/dlev2617/Documents/Code/Agents/github-packages/READY-TO-UPLOAD/PUBLIC/paper-2006-05-ramp-meters-on-trial-evidence-from-the-twin-cities-metering-holiday,data/analysis_spreadsheets/original_xls/TH169_productivity.xls,TH169_productivity,column_3,,mixed_numeric_text,30,metering-off | 56.515884767 | 46.9914690221 | 45.0818440444 | 44.2446872884,,,xls,medium,Some headers were missing; generated column_N names. Sampled first 36 non-empty rows from worksheet.
